Regime_ID,Days,Percentage,Avg_Daily_Return,Avg_Daily_Volatility
0,10,25.6%,0.008997800335373745,0.17802469770199808
1,10,25.6%,-0.0012698059948098796,0.2504767741674452
2,19,48.7%,0.0012810683976035228,0.13864332897165585
